[{"pk": 1, "model": "contenttypes.contenttype", "fields": {"model": "permission", "name": "permission", "app_label": "auth"}}, {"pk": 2, "model": "contenttypes.contenttype", "fields": {"model": "group", "name": "group", "app_label": "auth"}}, {"pk": 3, "model": "contenttypes.contenttype", "fields": {"model": "user", "name": "user", "app_label": "auth"}}, {"pk": 4, "model": "contenttypes.contenttype", "fields": {"model": "contenttype", "name": "content type", "app_label": "contenttypes"}}, {"pk": 5, "model": "contenttypes.contenttype", "fields": {"model": "session", "name": "session", "app_label": "sessions"}}, {"pk": 6, "model": "contenttypes.contenttype", "fields": {"model": "site", "name": "site", "app_label": "sites"}}, {"pk": 7, "model": "contenttypes.contenttype", "fields": {"model": "tooltransaction", "name": "tool transaction", "app_label": "ToolShare"}}, {"pk": 8, "model": "contenttypes.contenttype", "fields": {"model": "reservation", "name": "reservation", "app_label": "ToolShare"}}, {"pk": 9, "model": "contenttypes.contenttype", "fields": {"model": "tag", "name": "tag", "app_label": "ToolShare"}}, {"pk": 10, "model": "contenttypes.contenttype", "fields": {"model": "tool", "name": "tool", "app_label": "ToolShare"}}, {"pk": 11, "model": "contenttypes.contenttype", "fields": {"model": "profile", "name": "profile", "app_label": "ToolShare"}}, {"pk": 12, "model": "contenttypes.contenttype", "fields": {"model": "shed", "name": "shed", "app_label": "ToolShare"}}, {"pk": 13, "model": "contenttypes.contenttype", "fields": {"model": "notification", "name": "notification", "app_label": "ToolShare"}}, {"pk": 14, "model": "contenttypes.contenttype", "fields": {"model": "sharezone", "name": "share zone", "app_label": "ToolShare"}}, {"pk": 15, "model": "contenttypes.contenttype", "fields": {"model": "logentry", "name": "log entry", "app_label": "admin"}}, {"pk": "3yw79yqgbvtookiqokj929ijffjim5sb", "model": "sessions.session", "fields": {"expire_date": "2013-11-25T08:05:11.313Z", "session_data": "NGZmMGM3N2Q4NTNkZDg1NDY3M2Q1ZjA0ZWU2ZjdlODkzOTNhMzYwODqAA31xAChYDAAAAHRlbXBfbWVzc2FnZXEBTlgSAAAAX2F1dGhfdXNlcl9iYWNrZW5kcQJYKQAAAGRqYW5nby5jb250cmliLmF1dGguYmFja2VuZHMuTW9kZWxCYWNrZW5kcQNYDQAAAF9hdXRoX3VzZXJfaWRxBEsBWA0AAABtZXNzYWdlX2NsYXNzcQVOdS4="}}, {"pk": "mzjekge11kd64gqc9j55jw4w2u3lifwi", "model": "sessions.session", "fields": {"expire_date": "2013-11-25T07:53:40.260Z", "session_data": "YWViZDZkNmMzMzViZmZkNTBjZTYyMDlkYTFkOWY5OGVhZTRiYzdkYjqAA31xAChYDAAAAHRlbXBfbWVzc2FnZXEBTlgSAAAAX2F1dGhfdXNlcl9iYWNrZW5kcQJYKQAAAGRqYW5nby5jb250cmliLmF1dGguYmFja2VuZHMuTW9kZWxCYWNrZW5kcQNYDQAAAF9hdXRoX3VzZXJfaWRxBEsCWA0AAABtZXNzYWdlX2NsYXNzcQVOdS4="}}, {"pk": 1, "model": "sites.site", "fields": {"domain": "example.com", "name": "example.com"}}, {"pk": 1, "model": "ToolShare.tooltransaction", "fields": {"rating": 0, "tool": 1, "object_type": 3, "object_id": 1, "time": "2013-11-11T06:32:29.985Z"}}, {"pk": 2, "model": "ToolShare.tooltransaction", "fields": {"rating": 0, "tool": 2, "object_type": 3, "object_id": 1, "time": "2013-11-11T06:33:11.412Z"}}, {"pk": 3, "model": "ToolShare.tooltransaction", "fields": {"rating": 0, "tool": 3, "object_type": 3, "object_id": 1, "time": "2013-11-11T06:33:30.840Z"}}, {"pk": 4, "model": "ToolShare.tooltransaction", "fields": {"rating": 0, "tool": 4, "object_type": 3, "object_id": 1, "time": "2013-11-11T06:33:49.117Z"}}, {"pk": 5, "model": "ToolShare.tooltransaction", "fields": {"rating": 0, "tool": 1, "object_type": 12, "object_id": 1, "time": "2013-11-11T06:36:07.222Z"}}, {"pk": 6, "model": "ToolShare.tooltransaction", "fields": {"rating": 0, "tool": 2, "object_type": 12, "object_id": 1, "time": "2013-11-11T06:36:15.569Z"}}, {"pk": 7, "model": "ToolShare.tooltransaction", "fields": {"rating": 0, "tool": 5, "object_type": 3, "object_id": 2, "time": "2013-11-11T06:36:57.584Z"}}, {"pk": 8, "model": "ToolShare.tooltransaction", "fields": {"rating": 0, "tool": 6, "object_type": 3, "object_id": 2, "time": "2013-11-11T06:37:32.788Z"}}, {"pk": 9, "model": "ToolShare.tooltransaction", "fields": {"rating": 0, "tool": 5, "object_type": 12, "object_id": 1, "time": "2013-11-11T06:37:50.462Z"}}, {"pk": 10, "model": "ToolShare.tooltransaction", "fields": {"rating": 0, "tool": 5, "object_type": 3, "object_id": 2, "time": "2013-11-11T06:37:56.665Z"}}, {"pk": 11, "model": "ToolShare.tooltransaction", "fields": {"rating": 0, "tool": 5, "object_type": 12, "object_id": 2, "time": "2013-11-11T06:38:41.812Z"}}, {"pk": 12, "model": "ToolShare.tooltransaction", "fields": {"rating": 0, "tool": 6, "object_type": 12, "object_id": 2, "time": "2013-11-11T06:39:24.677Z"}}, {"pk": 13, "model": "ToolShare.tooltransaction", "fields": {"rating": 0, "tool": 7, "object_type": 3, "object_id": 2, "time": "2013-11-11T06:40:15.637Z"}}, {"pk": 14, "model": "ToolShare.tooltransaction", "fields": {"rating": 1, "tool": 6, "object_type": 3, "object_id": 1, "time": "2013-11-11T07:47:14.103Z"}}, {"pk": 15, "model": "ToolShare.tooltransaction", "fields": {"rating": 0, "tool": 5, "object_type": 3, "object_id": 1, "time": "2013-11-11T07:53:05.259Z"}}, {"pk": 16, "model": "ToolShare.tooltransaction", "fields": {"rating": -1, "tool": 2, "object_type": 3, "object_id": 2, "time": "2013-11-11T07:53:39.803Z"}}, {"pk": 1, "model": "ToolShare.tag", "fields": {"slug": "mjolnir"}}, {"pk": 2, "model": "ToolShare.tag", "fields": {"slug": "thor"}}, {"pk": 3, "model": "ToolShare.tag", "fields": {"slug": "gungnir"}}, {"pk": 4, "model": "ToolShare.tag", "fields": {"slug": "odin"}}, {"pk": 5, "model": "ToolShare.tag", "fields": {"slug": "spear"}}, {"pk": 6, "model": "ToolShare.tag", "fields": {"slug": "hammer"}}, {"pk": 7, "model": "ToolShare.tag", "fields": {"slug": "iron"}}, {"pk": 8, "model": "ToolShare.tag", "fields": {"slug": "rubber"}}, {"pk": 10, "model": "ToolShare.tag", "fields": {"slug": "mallet"}}, {"pk": 11, "model": "ToolShare.tag", "fields": {"slug": "crowbar"}}, {"pk": 12, "model": "ToolShare.tag", "fields": {"slug": "safety"}}, {"pk": 13, "model": "ToolShare.tag", "fields": {"slug": "gravity"}}, {"pk": 14, "model": "ToolShare.tag", "fields": {"slug": "gun"}}, {"pk": 15, "model": "ToolShare.tag", "fields": {"slug": "saw"}}, {"pk": 16, "model": "ToolShare.tag", "fields": {"slug": "reciprocal"}}, {"pk": 14623, "model": "ToolShare.sharezone", "fields": {}}, {"pk": 1, "model": "auth.permission", "fields": {"codename": "add_permission", "name": "Can add permission", "content_type": 1}}, {"pk": 2, "model": "auth.permission", "fields": {"codename": "change_permission", "name": "Can change permission", "content_type": 1}}, {"pk": 3, "model": "auth.permission", "fields": {"codename": "delete_permission", "name": "Can delete permission", "content_type": 1}}, {"pk": 4, "model": "auth.permission", "fields": {"codename": "add_group", "name": "Can add group", "content_type": 2}}, {"pk": 5, "model": "auth.permission", "fields": {"codename": "change_group", "name": "Can change group", "content_type": 2}}, {"pk": 6, "model": "auth.permission", "fields": {"codename": "delete_group", "name": "Can delete group", "content_type": 2}}, {"pk": 7, "model": "auth.permission", "fields": {"codename": "add_user", "name": "Can add user", "content_type": 3}}, {"pk": 8, "model": "auth.permission", "fields": {"codename": "change_user", "name": "Can change user", "content_type": 3}}, {"pk": 9, "model": "auth.permission", "fields": {"codename": "delete_user", "name": "Can delete user", "content_type": 3}}, {"pk": 10, "model": "auth.permission", "fields": {"codename": "add_contenttype", "name": "Can add content type", "content_type": 4}}, {"pk": 11, "model": "auth.permission", "fields": {"codename": "change_contenttype", "name": "Can change content type", "content_type": 4}}, {"pk": 12, "model": "auth.permission", "fields": {"codename": "delete_contenttype", "name": "Can delete content type", "content_type": 4}}, {"pk": 13, "model": "auth.permission", "fields": {"codename": "add_session", "name": "Can add session", "content_type": 5}}, {"pk": 14, "model": "auth.permission", "fields": {"codename": "change_session", "name": "Can change session", "content_type": 5}}, {"pk": 15, "model": "auth.permission", "fields": {"codename": "delete_session", "name": "Can delete session", "content_type": 5}}, {"pk": 16, "model": "auth.permission", "fields": {"codename": "add_site", "name": "Can add site", "content_type": 6}}, {"pk": 17, "model": "auth.permission", "fields": {"codename": "change_site", "name": "Can change site", "content_type": 6}}, {"pk": 18, "model": "auth.permission", "fields": {"codename": "delete_site", "name": "Can delete site", "content_type": 6}}, {"pk": 19, "model": "auth.permission", "fields": {"codename": "add_tooltransaction", "name": "Can add tool transaction", "content_type": 7}}, {"pk": 20, "model": "auth.permission", "fields": {"codename": "change_tooltransaction", "name": "Can change tool transaction", "content_type": 7}}, {"pk": 21, "model": "auth.permission", "fields": {"codename": "delete_tooltransaction", "name": "Can delete tool transaction", "content_type": 7}}, {"pk": 22, "model": "auth.permission", "fields": {"codename": "add_reservation", "name": "Can add reservation", "content_type": 8}}, {"pk": 23, "model": "auth.permission", "fields": {"codename": "change_reservation", "name": "Can change reservation", "content_type": 8}}, {"pk": 24, "model": "auth.permission", "fields": {"codename": "delete_reservation", "name": "Can delete reservation", "content_type": 8}}, {"pk": 25, "model": "auth.permission", "fields": {"codename": "add_tag", "name": "Can add tag", "content_type": 9}}, {"pk": 26, "model": "auth.permission", "fields": {"codename": "change_tag", "name": "Can change tag", "content_type": 9}}, {"pk": 27, "model": "auth.permission", "fields": {"codename": "delete_tag", "name": "Can delete tag", "content_type": 9}}, {"pk": 28, "model": "auth.permission", "fields": {"codename": "add_tool", "name": "Can add tool", "content_type": 10}}, {"pk": 29, "model": "auth.permission", "fields": {"codename": "change_tool", "name": "Can change tool", "content_type": 10}}, {"pk": 30, "model": "auth.permission", "fields": {"codename": "delete_tool", "name": "Can delete tool", "content_type": 10}}, {"pk": 31, "model": "auth.permission", "fields": {"codename": "add_profile", "name": "Can add profile", "content_type": 11}}, {"pk": 32, "model": "auth.permission", "fields": {"codename": "change_profile", "name": "Can change profile", "content_type": 11}}, {"pk": 33, "model": "auth.permission", "fields": {"codename": "delete_profile", "name": "Can delete profile", "content_type": 11}}, {"pk": 34, "model": "auth.permission", "fields": {"codename": "add_shed", "name": "Can add shed", "content_type": 12}}, {"pk": 35, "model": "auth.permission", "fields": {"codename": "change_shed", "name": "Can change shed", "content_type": 12}}, {"pk": 36, "model": "auth.permission", "fields": {"codename": "delete_shed", "name": "Can delete shed", "content_type": 12}}, {"pk": 37, "model": "auth.permission", "fields": {"codename": "add_notification", "name": "Can add notification", "content_type": 13}}, {"pk": 38, "model": "auth.permission", "fields": {"codename": "change_notification", "name": "Can change notification", "content_type": 13}}, {"pk": 39, "model": "auth.permission", "fields": {"codename": "delete_notification", "name": "Can delete notification", "content_type": 13}}, {"pk": 40, "model": "auth.permission", "fields": {"codename": "add_sharezone", "name": "Can add share zone", "content_type": 14}}, {"pk": 41, "model": "auth.permission", "fields": {"codename": "change_sharezone", "name": "Can change share zone", "content_type": 14}}, {"pk": 42, "model": "auth.permission", "fields": {"codename": "delete_sharezone", "name": "Can delete share zone", "content_type": 14}}, {"pk": 43, "model": "auth.permission", "fields": {"codename": "add_logentry", "name": "Can add log entry", "content_type": 15}}, {"pk": 44, "model": "auth.permission", "fields": {"codename": "change_logentry", "name": "Can change log entry", "content_type": 15}}, {"pk": 45, "model": "auth.permission", "fields": {"codename": "delete_logentry", "name": "Can delete log entry", "content_type": 15}}, {"pk": 1, "model": "auth.user", "fields": {"username": "admin@venture.com", "first_name": "", "last_name": "", "is_active": true, "is_superuser": true, "is_staff": true, "last_login": "2013-11-11T07:40:12.473Z", "groups": [], "user_permissions": [], "password": "pbkdf2_sha256$10000$TAO2APMw9AiK$N8JArqHN3hx/AdZSSlqERkVCgjdPQ0i1HZ15PfMm+Og=", "email": "admin@venture.com", "date_joined": "2013-11-11T06:29:48.648Z"}}, {"pk": 2, "model": "auth.user", "fields": {"username": "test@venture.com", "first_name": "", "last_name": "", "is_active": true, "is_superuser": false, "is_staff": false, "last_login": "2013-11-11T07:45:01.810Z", "groups": [], "user_permissions": [], "password": "pbkdf2_sha256$10000$TDC8kpMLhEZ1$8ZwYXE8eF+ZBRuptgoQl5uqrh8yYbQ9LzktN0GTJaQQ=", "email": "", "date_joined": "2013-11-11T06:36:43.679Z"}}, {"pk": 1, "model": "ToolShare.reservation", "fields": {"applied": false, "creation_date_time": "2013-11-11T06:41:11.910Z", "end_date": "2015-07-31", "finalized": true, "tool": 1, "user": null, "start_date": "2013-11-12"}}, {"pk": 2, "model": "ToolShare.reservation", "fields": {"applied": true, "creation_date_time": "2013-11-11T07:47:13.558Z", "end_date": "2013-11-12", "finalized": true, "tool": 6, "user": 1, "start_date": "2013-11-11"}}, {"pk": 3, "model": "ToolShare.reservation", "fields": {"applied": true, "creation_date_time": "2013-11-11T07:53:04.602Z", "end_date": "2013-11-15", "finalized": true, "tool": 5, "user": 1, "start_date": "2013-11-11"}}, {"pk": 4, "model": "ToolShare.reservation", "fields": {"applied": true, "creation_date_time": "2013-11-11T07:53:39.199Z", "end_date": "2013-11-13", "finalized": true, "tool": 2, "user": 2, "start_date": "2013-11-11"}}, {"pk": 1, "model": "ToolShare.tool", "fields": {"owner": 1, "tags": [1, 2], "name": "Mj\u00f6lnir", "description": "The hammer of the god of thunder"}}, {"pk": 2, "model": "ToolShare.tool", "fields": {"owner": 1, "tags": [3, 4, 5], "name": "Gungnir", "description": "The spear of the Allfather"}}, {"pk": 3, "model": "ToolShare.tool", "fields": {"owner": 1, "tags": [6, 7], "name": "Iron Hammer", "description": "A large iron hammer"}}, {"pk": 4, "model": "ToolShare.tool", "fields": {"owner": 1, "tags": [6, 8, 10], "name": "The Rubber mallet", "description": "A black rubber mallet"}}, {"pk": 5, "model": "ToolShare.tool", "fields": {"owner": 2, "tags": [11], "name": "Crowbar", "description": "One of the most powerful of tools"}}, {"pk": 6, "model": "ToolShare.tool", "fields": {"owner": 2, "tags": [12, 13, 14], "name": "Gravity Gun", "description": "Useful for lifting heavy objects and dangerous materials"}}, {"pk": 7, "model": "ToolShare.tool", "fields": {"owner": 2, "tags": [15, 16], "name": "a Saw", "description": "it cuts things"}}, {"pk": 1, "model": "ToolShare.profile", "fields": {"method": "Backyard", "user": 1, "name": "Admin", "zone": 14623, "address": "213 Street Road"}}, {"pk": 2, "model": "ToolShare.profile", "fields": {"method": "", "user": 2, "name": "Test McTester", "zone": 14623, "address": ""}}, {"pk": 1, "model": "ToolShare.shed", "fields": {"name": "Thor's Flat", "searchable": true, "address": "9045 Asgard Court", "coordinator": 1, "invite_only": false, "zone": 14623, "user_list": []}}, {"pk": 2, "model": "ToolShare.shed", "fields": {"name": "Half Life 3", "searchable": true, "address": "4236 City 17", "coordinator": 2, "invite_only": false, "zone": 14623, "user_list": []}}, {"pk": 1, "model": "admin.logentry", "fields": {"action_flag": 1, "action_time": "2013-11-11T06:31:02.353Z", "object_repr": "14623", "object_id": "14623", "change_message": "", "user": 1, "content_type": 14}}, {"pk": 2, "model": "admin.logentry", "fields": {"action_flag": 1, "action_time": "2013-11-11T06:31:22.513Z", "object_repr": "admin@venture.com (14623)", "object_id": "1", "change_message": "", "user": 1, "content_type": 11}}, {"pk": 3, "model": "admin.logentry", "fields": {"action_flag": 3, "action_time": "2013-11-11T06:34:14.005Z", "object_repr": "hamer", "object_id": "9", "change_message": "", "user": 1, "content_type": 9}}, {"pk": 4, "model": "admin.logentry", "fields": {"action_flag": 2, "action_time": "2013-11-11T06:34:32.337Z", "object_repr": "The Rubber mallet", "object_id": "4", "change_message": "Changed tags.", "user": 1, "content_type": 10}}, {"pk": 5, "model": "admin.logentry", "fields": {"action_flag": 2, "action_time": "2013-11-11T08:06:06.183Z", "object_repr": "Thor's Flat@2013-11-11 06:37:50.462000+00:00", "object_id": "9", "change_message": "Changed rating.", "user": 1, "content_type": 7}}]